{
	"credit": "Made with Blockbench",
	"parent": "shield:template",
	"textures": {
		"0": "item/shield_base",
		"particle": "item/shield_base"
	},
	"elements": [
		{
			"from": [-6, -6, 1],
			"to": [6, 6, 2],
			"faces": {
				"north": {"uv": [3.5, 0.25, 6.5, 3.25], "texture": "#0"},
				"east": {"uv": [3.25, 0.25, 3.5, 3.25], "texture": "#0"},
				"south": {"uv": [0.25, 0.25, 3.25, 3.25], "texture": "#0"},
				"west": {"uv": [0, 0.25, 0.25, 3.25], "texture": "#0"},
				"up": {"uv": [3.25, 0, 6.25, 0.25], "texture": "#0"},
				"down": {"uv": [3.25, 0, 6.25, 0.25], "texture": "#0"}
			}
		},
		{
			"from": [-1, -3, -5],
			"to": [1, 3, 1],
			"faces": {
				"north": {"uv": [8, 1.5, 8.5, 3], "texture": "#0"},
				"east": {"uv": [6.5, 1.5, 8, 3], "texture": "#0"},
				"west": {"uv": [8.5, 1.5, 10, 3], "texture": "#0"},
				"up": {"uv": [8, 0, 8.5, 1.5], "texture": "#0"},
				"down": {"uv": [8.5, 0, 9, 1.5], "texture": "#0"}
			}
		}
	],
	"gui_light": "front",
	"display": {
		"thirdperson_righthand": {
			"rotation": [45, 155, 0],
			"translation": [-3.49, 11, -2]
		},
		"thirdperson_lefthand": {
			"rotation": [45, 155, 0],
			"translation": [11.51, 7, 2.5]
		},
		"firstperson_righthand": {
			"rotation": [0, 180, -5],
			"translation": [-15, 5, -11],
			"scale": [1.25, 1.25, 1.25]
		},
		"firstperson_lefthand": {
			"rotation": [0, 180, -5],
			"translation": [5, 5, -11],
			"scale": [1.25, 1.25, 1.25]
		},
		"gui": {
			"rotation": [15, -25, -5],
			"translation": [4, 4, 0],
			"scale": [0.8, 0.8, 0.8]
		}
	}
}