{
	"credit": "Made with Blockbench",
	"textures": {
		"particle": "item/shield_base",
		"shield": "item/shield_base"
	},
	"elements": [
		{
			"from": [-6, -6, 1],
			"to": [6, 6, 2],
			"faces": {
				"north": {"uv": [3.5, 0.25, 6.5, 3.25], "texture": "#shield"},
				"east": {"uv": [3.25, 0.25, 3.5, 3.25], "texture": "#shield"},
				"south": {"uv": [0.25, 0.25, 3.25, 3.25], "texture": "#shield"},
				"west": {"uv": [0, 0.25, 0.25, 3.25], "texture": "#shield"},
				"up": {"uv": [3.25, 0, 6.25, 0.25], "texture": "#shield"},
				"down": {"uv": [3.25, 0, 6.25, 0.25], "texture": "#shield"}
			}
		},
		{
			"from": [-1, -3, -5],
			"to": [1, 3, 1],
			"faces": {
				"north": {"uv": [8, 1.5, 8.5, 3], "texture": "#shield"},
				"east": {"uv": [6.5, 1.5, 8, 3], "texture": "#shield"},
				"west": {"uv": [8.5, 1.5, 10, 3], "texture": "#shield"},
				"up": {"uv": [8, 0, 8.5, 1.5], "texture": "#shield"},
				"down": {"uv": [8.5, 0, 9, 1.5], "texture": "#shield"}
			}
		}
	],
	"gui_light": "front",
	"overrides": [
		{"model": "item/shield_blocking", "predicate": {"blocking": 1}}
	],
	"display": {
		"thirdperson_righthand": {
			"rotation": [0, 90, 0],
			"translation": [10, 6, -4]
		},
		"thirdperson_lefthand": {
			"rotation": [0, 90, 0],
			"translation": [10, 6, 12]
		},
		"firstperson_righthand": {
			"rotation": [0, 180, 5],
			"translation": [-10, 2, -10],
			"scale": [1.25, 1.25, 1.25]
		},
		"firstperson_lefthand": {
			"rotation": [0, 180, 5],
			"translation": [10, 0, -10],
			"scale": [1.25, 1.25, 1.25]
		},
		"ground": {
			"translation": [4, 4, 2],
			"scale": [0.25, 0.25, 0.25]
		},
		"gui": {
			"rotation": [15, -25, -5],
			"translation": [4, 4, 0],
			"scale": [0.8, 0.8, 0.8]
		},
		"fixed": {
			"rotation": [0, 180, 0],
			"translation": [-2, 4, -5],
			"scale": [0.5, 0.5, 0.5]
		}
	}
}